{"machine": {
  "muxInputs": [
    {
      "input": [
        {
          "type": "constant",
          "value": "0"
        },
        {
          "type": "constant",
          "value": "1"
        },
        {
          "type": "constant",
          "value": "2"
        },
        {
          "type": "constant",
          "value": "4"
        },
        {
          "type": "constant",
          "value": "8"
        },
        {
          "type": "register",
          "value": "ACCU"
        },
        {
          "type": "register",
          "value": "MASK"
        },
        {
          "type": "constant",
          "value": "255"
        },
        {
          "type": "constant",
          "value": "13040"
        },
        {
          "type": "constant",
          "value": "1118481"
        },
        {
          "type": "constant",
          "value": "2236962"
        },
        {
          "type": "constant",
          "value": "3355443"
        },
        {
          "type": "constant",
          "value": "-256"
        },
        {
          "type": "constant",
          "value": "-65281"
        },
        {
          "type": "constant",
          "value": "-16711681"
        },
        {
          "type": "constant",
          "value": "16777215"
        }
      ],
      "muxType": "A"
    },
    {
      "input": [
        {
          "type": "register",
          "value": "MDR"
        },
        {
          "type": "constant",
          "value": "1"
        },
        {
          "type": "register",
          "value": "ACCU"
        },
        {
          "type": "constant",
          "value": "4"
        },
        {
          "type": "constant",
          "value": "8"
        },
        {
          "type": "constant",
          "value": "32"
        },
        {
          "type": "constant",
          "value": "256"
        }
      ],
      "muxType": "B"
    }
  ],
  "registers": {"register": [{
    "size": "BITS_32",
    "name": "MASK",
    "description": "Can save a mask to write or read a byte out of a 4 byte stream"
  }]},
  "alu": {"operation": [
    "A_ADD_B",
    "B_SUB_A",
    "TRANS_A",
    "TRANS_B",
    "A_DIV_B",
    "A_SL_B",
    "A_SR_B",
    "B_SR_A",
    "A_MOD_B",
    "A_AND_B",
    "A_MUL_B",
    "A_OR_B",
    "A_XOR_B"
  ]}
}}